model,test_subject,seed,seconds,accuracy,kappa,precision,recall,f1,predictions,validation,confusion
base,1,0,244.3,0.7118055555555556,0.6157407407407407,0.7691113750430423,0.7118055555555556,0.6786652392513717,321001211200031111201030033100101013310310123121003112021302302103321303003102303331013131111330130333103133313013033133011331003113112033332000010321230300133132333013001133030103020131301303303130133131101331111332311300303000012302303103030302332122011131333130302303011030331030103010011010131302103333303100300233010110131033223000331000031300031100201333033133101333310313133130000003021302303133320313003101302331013133111330130332003133300313033133011030003103013033333010010330330300102130333113011133130103031133301313003030033030100330010333310310303100013313333303,0.3194,"[[128, 15, 0, 1], [27, 117, 0, 0], [10, 12, 35, 87], [11, 1, 2, 130]]"
base,2,0,114.2,0.3072916666666667,0.07638888888888884,0.305287474543424,0.3072916666666667,0.2893270606256251,111023113101100320200110111213031111233310301213021012112111101100101303110100111113011113121121110101111302310031121111113111313331011133122300011033102111101023131313011302201333112333133220201310321111002113333113122011233311222120011123010011233002212101112323011331000122232113331313111111010011131000111112101331111322211321001111111111102030100112111003000111101330110001000001121113021121211111311011213113211121111012111111110113312301010310030001122030011130133102331123110031200013002013123233311023113331032133131313310130103111113331331331303322331011333313330213,0.8177,"[[35, 77, 16, 16], [20, 84, 26, 14], [18, 38, 24, 64], [45, 59, 6, 34]]"
base,3,0,231.3,0.7256944444444444,0.6342592592592593,0.7315665508120751,0.7256944444444444,0.7155904915742989,011010110301103323300100230201010100121323223333200001231000030000201332030032101222210312132130001100031301202133320313102301232331013120111230120223001133310003033020011231002132130032302010000030030300030130131113030103030202020131301322103100023131101333133332101210203113322312203101001000130302003232201000120102010000121323213333200001221000030100201032033132001322320332113020003002010332303133330313100003103331013131111230000013003033300013012133011331033132113032131010000011030300111123323113013122030203020012301313203130023121101331111332301210303000021302123203,0.4149,"[[135, 2, 0, 7], [32, 103, 1, 8], [23, 27, 68, 26], [5, 6, 21, 112]]"
base,4,0,212.0,0.3506944444444444,0.1342592592592593,0.42059521756270635,0.3506944444444445,0.35592601329616297,033103301130333103232232231132023223222310133322001313001033310233322031113013322332223222322301001031333332123332102123223233223333123330322222300221033233123333323233033322033332232232233122100122110203302110012013222102222222222233222220030332022122220333222223232322233222213323233222021220210200101222221321232223120302222212123322000102030103303222222323203203323222222223232322110313013232322323022333222333323132223233333023100131032222033333323213221233232323132233322323303111033232222332232232322332303122222313333323113332313103201031333233303023222233333232203222,0.3507,"[[42, 12, 61, 29], [13, 39, 62, 30], [7, 7, 51, 79], [13, 12, 49, 70]]"
base,5,0,128.1,0.328125,0.10416666666666663,0.3353885852969545,0.328125,0.2586468352329478,211111100110100000010113030102010200111210120011000010111101111001131101111000121110101112211111111111000101102000200010101101103101110000111001110103101110211211111130011221000000110111000011101110101000111111011111111110010110111101000301111111111101101011031111111110012100112113011101100010111010111122011103110300010110111330011000110100010001111111111000012100001101101110201101111111111010312111101010111101011022020101100000131110100010110110011101101011101201120000011110110100000100301102000101001100100130101111011011000100112131001102111010000000110010103110110001,0.4392,"[[68, 70, 2, 4], [30, 104, 8, 2], [52, 74, 11, 7], [71, 59, 8, 6]]"
base,6,0,106.1,0.3055555555555556,0.07407407407407407,0.2983894033606677,0.3055555555555556,0.2963107497766748,000023022033220330101332001122230120103303101030003302323023212120302313222200112332100200012302012303233333132002120313312313312310000013132330000323330323123333333302332303322313023203313230203223230331130330323003322313232132000303310311003003133110213313001231332231021131310133123133000020000202002222300200030012000102111101011011002000300003033100301013010030201110300210130013000003233333323313030302011303331011331003131100030332333333332332231102232232330302022031333120002330323332323033033133132220201322133031221133203031033231333303023223313323103122330213011302,0.4583,"[[67, 19, 28, 30], [42, 31, 29, 42], [24, 25, 21, 74], [29, 25, 33, 57]]"
base,7,0,165.2,0.3975694444444444,0.1967592592592593,0.41711255683648324,0.3975694444444444,0.3968368318930857,022010202200023322010200100013002110103013233322120110021111021020301230022133001021210220313131200131111201202002211112101211212332212121121220021102011102210021131120101121133100012031020310000232020303022030033210011003020102021120331212102020003120002031331320101103303011222222322203012212011200002321200002000000000120210012012222201020020000020320030221022022112130200310002020122122232201203123211212121102202230003120021020222312001233220112030133022132123203110020103010002020220233121230232120002003033000120130301203222113111121112221111321311011313210312311113103,0.6701,"[[83, 29, 20, 12], [38, 70, 31, 5], [49, 45, 31, 19], [12, 6, 81, 45]]"
base,8,0,271.0,0.6006944444444444,0.46759259259259256,0.6322799048910537,0.6006944444444444,0.5862573861661453,001012101302103333300000200023010110121003002233323001031200031100002330033033100200320320200000003202021301002233330002202102022001013030101130230220001002110003032203001030003100100030000000000230030300232030303003023203030003020000302200203120332130002332211332302000102000210320122001002020101301001330300100230320010100321313023333301001231000001120200331033020303132330213300120003200013302002233300203000101300323023330110030102220002023210220030130012031003002130321230110100021030300130131000110010123000013000102203000003220033032102331102302000110301000000310320200,0.5903,"[[135, 2, 5, 2], [39, 66, 28, 11], [69, 15, 46, 14], [24, 4, 17, 99]]"
base,9,0,153.7,0.5086805555555556,0.34490740740740744,0.5900324935258029,0.5086805555555556,0.5084489901925521,300132100011331222202122211112133033222312110130100202213122012112321222223211202332032122202232131212012222010130222231232122220200231122022332002212220223122030222300220202222222022322221022211222222021121122321103103220122232122022201222102220322132022101213020003312222022200102120122011010111311102332301100320212121111121223223123221001220201031210211322022233012222321022212221102102022202102222200312202202202222202222222030020222102222200223132223020222102202222032222021110221231200232232323203022222121203122222212322112230122022212322222322202221212110222222222211,0.7812,"[[78, 52, 13, 1], [14, 49, 78, 3], [9, 14, 112, 9], [4, 1, 85, 54]]"
C1,1,0,110.8,0.6631944444444444,0.5509259259259259,0.7090002941718828,0.6631944444444444,0.6441002918425323,321001221200030000201030030133000003310303023021003102020302302033320303002002303320013021010330130023103033313203033033000331003103012033332000000320220300131032323013001033030103020131301303303030023030101321101322301300302000012302203103020332332032011120333020302303001030321030102000010010131302103333303100330232010110120033223300231000030200030100302333032033001332220302033020000002021302302133220213033102302331012132101220030332002023200303033133001030023002003022033000000320330300033132333003000123120203030132301303003030022030000330000332300300303000032303233303,0.316,"[[138, 3, 1, 2], [86, 57, 1, 0], [10, 8, 68, 58], [5, 0, 20, 119]]"
C1,2,0,126.9,0.3368055555555556,0.1157407407407407,0.3274276114362304,0.3368055555555556,0.32282599727098316,001011113000100130300100111213031211230310300013001002111111101100101303210130111113021013131121000003031302310030030131123113313331111131132302011003202111101203133013211000222333112333133030202330320131002113103113121012233311231100021133300000133001011033023321011310000121032113230111011211020003221003112112311322112102211331300020011000000030100102012003000110201330000000000331221013021321211103311012113103013311111002120201110133302301010320030001123030110110013112332212100031300000103003110223012033213331031233131323300130000100103331031303301320331011223313331013,0.7969,"[[58, 51, 25, 10], [34, 76, 20, 14], [27, 22, 22, 73], [62, 38, 6, 38]]"
C1,3,0,128.3,0.7395833333333334,0.6527777777777778,0.7469099605036186,0.7395833333333334,0.7318627183694826,011110110301103323300100130221010110121313213331310001231200231130201332031032101222310313133110001100111301202133120313102101232330013120111230120223001133310313033111011231003132111032302010100031030300131122121113110103030103020131201312103133023131101333131331101310233113322312213231001010130302103332201000130131000100121223223332100001231000011100201032033133101322120332113110003102010302302133330312100103102331013131111231030013003133310013023133011331033132112032131000001211130300121123223113013122030203220022131313202130013111101331111332301213302300021302123202,0.4288,"[[122, 7, 2, 13], [17, 123, 0, 4], [12, 39, 70, 23], [1, 14, 18, 111]]"
C1,4,0,182.4,0.3663194444444444,0.15509259259259256,0.43950795792901054,0.3663194444444444,0.3684928675238345,032003301232332103302232201112030023220320201122001302002033323233222032112013322332223222222201003031333022123333302122230223222132223223222323302221032233123333323232032312123322232212233322000322100201302110022003222102222222222223222220030333222122220113222223232323233222223323232222320221300300110202221322222023200202222310023222000103000103303222322322103202322222222123212322130332302232202323222133222333303222223033333023100122021222033333223223212233032321232033322322303310033232222322232232322222321122222313232323133332303223201031233232303323222213333232203222,0.3576,"[[48, 7, 71, 18], [20, 32, 69, 23], [12, 5, 64, 63], [11, 10, 56, 67]]"
C1,5,0,126.9,0.3454861111111111,0.12731481481481477,0.4393081416932064,0.3454861111111111,0.2988459294986201,211111101110100000210013130202110300011310121011310211111101111111120101111130112110111112111111110111000102112010200113101101201001110120112011211113111111311111101130111231011303111111130111111131001000111111011111111111010110111101211311111111111101111111011131011011111112112113211101110111101311111113111101110300111110101331101131110101310101111011111000112131101131101110101121111111011001212111111310111111021132111111110101031111100013110113011131111111121200110010011110111100010110131112013111011101111011111111111011013111111131111101111110000010113010103100121101,0.4583,"[[40, 97, 6, 1], [18, 119, 5, 2], [37, 81, 15, 11], [30, 84, 5, 25]]"
C1,6,0,107.2,0.3715277777777778,0.1620370370370371,0.3578597027821474,0.3715277777777778,0.3567360369562189,000023123033020232101321011002230120002301100111003302313013210020300113300100210213100210000201011303213233130021110312303313203010100011030330000323230323113233131302330303311312012203313221003213320331130130312102300310030002010102110100003001133111201102001131331011010121310010120033000010102202102232200200020012000110000101010010002000300002032100201011010020101120300010030101000003031333303302130300010203310001310002030100030232303133310333221122020222230303020031332120000320023332301032013123132020001220133031201033013031231131323231003223302203102002130313000303,0.4722,"[[88, 23, 18, 15], [46, 56, 20, 22], [37, 32, 23, 52], [47, 17, 33, 47]]"
C1,7,0,130.5,0.3888888888888889,0.18518518518518523,0.4582233753397578,0.3888888888888889,0.3773148357549891,012010112202022222112210002213002111101012212322120111021001021000302211022122001021211202213111203111111201202222210313101212201231012121111220022101112121211122131121211011113111112021021110002111020210120121213212011123020112101122331212202020011120001021331222111103321011222223322213011212111201222212211100200002222120110112112222011122222202021212201223222022122110200311122122122022212221211122212212122121222232203122121321222222201133220012122100112121022103121221102210012221220220122230102101112003022022121122211212222121121122112220111331311211223231113311112112,0.6997,"[[52, 48, 41, 3], [20, 94, 28, 2], [22, 59, 54, 9], [6, 12, 102, 24]]"
C1,8,0,150.4,0.6371527777777778,0.5162037037037037,0.6642434410448282,0.6371527777777778,0.6118287910457214,001010101302103330100100230020010110101103012233001001031000031100001331033133100200320310200100003100011301000133330003100102000001013130133110130210000132110003032133001031003100100230000000000221030200232030303003013213030033020102002300203120132130000331010330300010303300110331120001010020101300001333300100230210010110101303203333301001031000031100201330033030323122320003310020003100023302001233310013101101000311023331110030002023002021310020000132010011003100130000230010100001030300130131011112010123000023030102101300003030033132101331101031300310301000001310123103,0.6076,"[[136, 2, 4, 2], [32, 93, 9, 10], [76, 26, 32, 10], [20, 10, 8, 106]]"
C1,9,0,211.9,0.5190972222222222,0.3587962962962963,0.5898720385684593,0.5190972222222222,0.5121126026901222,311132110111331222212122111112133131311312111131100212213132112113311222223211212332033111212231131212013221110130322211232121220310131123021222111212220033112032223300220202222202032322221022211322222021121121311113113220123232122022221211111201322132010101312031013313122022211102120122111111111311103332311111330212111111121223223122221111221211031110211322132133112221321022213221112102022202112223210312212202212231102131322030120222112132201223112333120231103212222112222011111221231310132332323103121222121212121222111322112231112132111321301322312221212110222112123211,0.809,"[[37, 101, 6, 0], [7, 85, 42, 10], [7, 25, 103, 9], [3, 8, 59, 74]]"
C2,1,0,251.2,0.6788194444444444,0.5717592592592593,0.7619889362003008,0.6788194444444444,0.6440544249675024,321001311000030000101030030130000003311300023100003102020303302103330313003000303331013003011330130023001033310203033133010331003103012033333000000320230300132132323013001033030103030133301313303030033130101031111332301000303000013303003103000330332032001131333030302302011030331030103010011010131303103333302100330232010110131333323030330000031300031100300333033133001322310313133130000003031303303133230313103102302301013133011230030313003033200303033033011031003103003032033000000320330300002130333013111133030203030132301303303030032030000330000332301310303000033303233303,0.3472,"[[142, 2, 0, 0], [59, 85, 0, 0], [16, 9, 35, 84], [12, 1, 2, 129]]"
C2,2,0,126.9,0.3159722222222222,0.08796296296296291,0.3046581137909499,0.3159722222222222,0.2903889629008948,001010213100003100000000101111000300033310300233101002110101100100101203200120202103001003030121001103031302300030000030010120313031000203132300010000003011211030103013011010203333003233113030200230330301000003133023020012033310312120001033000000223002022031023123003320300102032003330000001000000002000003111100300332213222211333300220000000000000000100012003000100002230010000030321222203020321020103331002203103001321111023021211000010002100010320030001023030020120103002331223000030000000000000330123233033203230032333332333000000000000103331031002303320013002223303330313,0.8212,"[[94, 20, 22, 8], [60, 37, 27, 20], [41, 21, 17, 65], [82, 16, 12, 34]]"
C2,3,0,116.3,0.7586805555555556,0.6782407407407407,0.7724361698149336,0.7586805555555556,0.7531553443890564,001000020301103323300100130220010100121323213333201001231200231000001332031032101222110210133110001100021300202133320213102101301330003122111030120223000001310001032001011231003100110032202010000031030300032122333113011103030102020132001310103130033130101331111332101210203103023312202232000010120302103232201100000201010100121323223331000001231200010000201030033132001220120312113120003102020302202133300311100100102331013132111230000001000133310213023133011331003132112033022000000221130300121123223110013122030203020012101312203130023131101331111331201210303000022312123202,0.4097,"[[139, 1, 1, 3], [28, 115, 0, 1], [30, 18, 81, 15], [8, 13, 21, 102]]"
C2,4,0,128.0,0.3663194444444444,0.15509259259259256,0.47290764790764783,0.3663194444444444,0.3486901567901675,012100221030322102202122200122002222222020221222000222202023212210222222202013322322222222221202002012222022123332202222232223222221221222222222322202222223212023223222222322122222222222222222010322120001202210012103222202222222222222222222020223222222222223222223222222222222222223222222222101322302110222211222222022222222222212222222003102021302202222222320122202322222222222232222110302202233312223222132222331003222223232332022100122021222123233222222222223232322232222222322202020233222222321222222322212202122222312222323212332213203221031233232313323222232332222222222,0.3767,"[[39, 10, 92, 3], [14, 26, 99, 5], [7, 3, 108, 26], [8, 12, 86, 38]]"
C2,5,0,116.8,0.3159722222222222,0.08796296296296291,0.3477988329649722,0.3159722222222222,0.2505136361083024,200001101000101000012002130302100210111300102001300010012000200011001101001000112110100100101100000110000002101000000100101101200001020001010000010103101110311011101130111202001000010110000002000001001000111101001001110000000000001101000301100011010101001010031100011001100120100113001001100010100200011102011100110200010000111331011000100101010001112010101000000100001000100010001100111001011201302010001010110100010100030101000100021000000000010103012121100111101000130000011110100100000100101110011111011101001010110101010011112110111121110011111001000100110000102100000101,0.4635,"[[93, 46, 5, 0], [62, 73, 6, 3], [81, 48, 9, 6], [80, 49, 8, 7]]"
C2,6,0,110.3,0.390625,0.1875,0.44253927772154533,0.390625,0.39291118667198077,022023223222221322101232121202222122022311121111222323313133212223312113222322212212110112012211101312223332220123111212313213213311100111121322021323332323113233221302322323332323013223313221202213222331230132323202322212033102120102320111003021122111213311201231231211121131210112121123011010122222102223302100220212010212111121112111222000321202122102311212011111301120311211130112102203221333322213130302111203221211311122121122232232302333212333231132222212131302022131332121022322232333321232133121232222201122123031201133213231223131332232033222322223122132020313021222,0.4983,"[[41, 31, 58, 14], [7, 70, 47, 20], [7, 35, 62, 40], [7, 34, 51, 52]]"
C2,7,0,248.3,0.3315972222222222,0.10879629629629628,0.39589436109177484,0.3315972222222222,0.32404244268433746,012010102230002202210201002113002111102002202322110110001021021000302233122123002121201220213121210121110201000102220202201211000222212121112022021011111020220122131120211100212322122022020130102021120200220221123210011202020012021122321212100020021101002321221222102032231011202222022210012212111201202211311000000001200120100002012222010011022000020210001221222022122110210201112002123221202220202222002212220201202221022121121020220002201133200012012110112133002203020021111001002121220230120221202120112013003022121122021213212121011120112221112321301012223010212312123100,0.7396,"[[71, 36, 33, 4], [27, 67, 46, 4], [54, 51, 34, 5], [18, 9, 98, 19]]"
C2,8,0,179.9,0.6076388888888888,0.47685185185185186,0.6433556420588873,0.6076388888888888,0.5775627893319047,001000101300103333100000030000000110100003013233301001031000031100031332033030100000300313203100003100031302100133330233200302300002013030133220130000002003110203032003003030003100100230303000000200030302230030303003013033030033020002300310203020232130102331313230323000303333103310120000001020101300101333300100030230010130101323233333301001231000031320200330033030303022330203300120003300003300003233300013000101300303013333113030122020002133310023030133001033003103130332230010100021030300130331303113010223000003030102101300003120033132103331103303001310303000300310333103,0.6007,"[[130, 1, 6, 7], [35, 75, 10, 24], [83, 6, 28, 27], [15, 4, 8, 117]]"
C2,9,0,237.9,0.6493055555555556,0.5324074074074074,0.6661644904345528,0.6493055555555556,0.6504032840664898,300133100001331122202122010102133033311222110130100302313132012002311222322211022312023110210231130313012210200330330231132123020200030102023322001222220223112033123300320202222202030332231022211322222221131121311103113320023222122022201220101200321132020101303333003303122022200102123122011010111301103332301100330212011110121223223122121001231200031310201322022133002222320322223220003102022202102233200313202302202232002122302030010222002232200223132323013222103202222032222011100221131200132332323113022223131202020122112332102230112332001322301322202221213010222312122211,0.783,"[[110, 29, 4, 1], [13, 72, 40, 19], [11, 18, 106, 9], [2, 5, 51, 86]]"
