config,params,subject,seed,accuracy,commit,seconds
A,3924,1,0,0.8576,8fbe46b,104.1
A,3924,2,0,0.5657,8fbe46b,69.1
A,3924,3,0,0.9158,8fbe46b,79.3
A,3924,4,0,0.6853,8fbe46b,68.7
A,3924,5,0,0.5938,8fbe46b,63.2
A,3924,6,0,0.5,8fbe46b,60.8
A,3924,7,0,0.8785,8fbe46b,64.4
A,3924,8,0,0.8227,8fbe46b,60.6
A,3924,9,0,0.7371,8fbe46b,48.8
A,3924,1,1,0.8611,8fbe46b,85.0
A,3924,2,1,0.5036,8fbe46b,69.1
A,3924,3,1,0.9193,8fbe46b,69.2
A,3924,4,1,0.6014,8fbe46b,79.4
A,3924,5,1,0.6111,8fbe46b,71.9
A,3924,6,1,0.4852,8fbe46b,72.1
A,3924,7,1,0.8576,8fbe46b,72.8
A,3924,8,1,0.8333,8fbe46b,60.8
A,3924,9,1,0.7934,8fbe46b,48.5
A,3924,1,2,0.8611,8fbe46b,63.0
A,3924,2,2,0.562,8fbe46b,64.3
A,3924,3,2,0.8982,8fbe46b,64.1
A,3924,4,2,0.6643,8fbe46b,64.2
A,3924,5,2,0.6007,8fbe46b,63.9
A,3924,6,2,0.4407,8fbe46b,61.0
A,3924,7,2,0.8715,8fbe46b,63.4
A,3924,8,2,0.8156,8fbe46b,60.9
A,3924,9,2,0.7324,8fbe46b,48.4
B,6148,1,0,0.8507,8fbe46b,74.8
B,6148,2,0,0.5438,8fbe46b,74.9
B,6148,3,0,0.9228,8fbe46b,74.6
B,6148,4,0,0.6014,8fbe46b,75.0
B,6148,5,0,0.625,8fbe46b,75.0
B,6148,6,0,0.5111,8fbe46b,73.6
B,6148,7,0,0.8993,8fbe46b,77.7
B,6148,8,0,0.8121,8fbe46b,73.3
B,6148,9,0,0.7512,8fbe46b,58.9
B,6148,1,1,0.8542,8fbe46b,77.4
B,6148,2,1,0.5401,8fbe46b,75.5
B,6148,3,1,0.9228,8fbe46b,74.1
B,6148,4,1,0.6014,8fbe46b,75.1
B,6148,5,1,0.6319,8fbe46b,75.1
B,6148,6,1,0.5222,8fbe46b,87.1
B,6148,7,1,0.8681,8fbe46b,80.4
B,6148,8,1,0.8227,8fbe46b,82.4
B,6148,9,1,0.7653,8fbe46b,68.4
B,6148,1,2,0.8542,8fbe46b,74.6
B,6148,2,2,0.5401,8fbe46b,74.8
B,6148,3,2,0.9123,8fbe46b,74.7
B,6148,4,2,0.6748,8fbe46b,75.0
B,6148,5,2,0.5139,8fbe46b,74.7
B,6148,6,2,0.463,8fbe46b,72.7
B,6148,7,2,0.8924,8fbe46b,75.4
B,6148,8,2,0.7801,8fbe46b,73.3
B,6148,9,2,0.7418,8fbe46b,85.6
C,12452,1,0,0.8368,8fbe46b,126.9
C,12452,2,0,0.573,8fbe46b,90.1
C,12452,3,0,0.9053,8fbe46b,89.7
C,12452,4,0,0.6364,8fbe46b,89.7
C,12452,5,0,0.6528,8fbe46b,89.5
C,12452,6,0,0.5296,8fbe46b,87.0
C,12452,7,0,0.8368,8fbe46b,89.9
C,12452,8,0,0.8582,8fbe46b,87.2
C,12452,9,0,0.7653,8fbe46b,70.4
C,12452,1,1,0.8542,8fbe46b,89.9
C,12452,2,1,0.562,8fbe46b,89.9
C,12452,3,1,0.8877,8fbe46b,89.5
C,12452,4,1,0.6713,8fbe46b,90.5
C,12452,5,1,0.6389,8fbe46b,91.9
C,12452,6,1,0.4963,8fbe46b,87.6
C,12452,7,1,0.875,8fbe46b,91.7
C,12452,8,1,0.8298,8fbe46b,87.4
C,12452,9,1,0.8028,8fbe46b,72.0
C,12452,1,2,0.8611,8fbe46b,93.5
C,12452,2,2,0.5949,8fbe46b,89.9
C,12452,3,2,0.8807,8fbe46b,89.7
C,12452,4,2,0.5839,8fbe46b,86.4
C,12452,5,2,0.6562,8fbe46b,85.7
C,12452,6,2,0.5556,8fbe46b,81.5
C,12452,7,2,0.8854,8fbe46b,84.2
C,12452,8,2,0.8298,8fbe46b,81.5
C,12452,9,2,0.7512,8fbe46b,64.5
D,20996,1,0,0.8368,8fbe46b,93.0
D,20996,2,0,0.5693,8fbe46b,96.5
D,20996,3,0,0.8982,8fbe46b,101.3
D,20996,4,0,0.6643,8fbe46b,99.1
D,20996,5,0,0.6319,8fbe46b,96.7
D,20996,6,0,0.5593,8fbe46b,94.8
D,20996,7,0,0.8507,8fbe46b,96.6
D,20996,8,0,0.8121,8fbe46b,93.0
D,20996,9,0,0.7653,8fbe46b,74.3
D,20996,1,1,0.8542,8fbe46b,95.3
D,20996,2,1,0.5292,8fbe46b,95.3
D,20996,3,1,0.8982,8fbe46b,95.2
D,20996,4,1,0.6608,8fbe46b,95.3
D,20996,5,1,0.6007,8fbe46b,95.7
D,20996,6,1,0.5148,8fbe46b,94.3
D,20996,7,1,0.8715,8fbe46b,96.9
D,20996,8,1,0.8298,8fbe46b,94.2
D,20996,9,1,0.784,8fbe46b,74.1
D,20996,1,2,0.8368,8fbe46b,97.8
D,20996,2,2,0.5584,8fbe46b,95.6
D,20996,3,2,0.9158,8fbe46b,95.8
D,20996,4,2,0.6224,8fbe46b,95.0
D,20996,5,2,0.6528,8fbe46b,96.4
D,20996,6,2,0.5407,8fbe46b,91.7
D,20996,7,2,0.9062,8fbe46b,96.7
D,20996,8,2,0.8511,8fbe46b,91.8
D,20996,9,2,0.7606,8fbe46b,73.7
